{
  "vite.config.js": 1778268793.6444979,
  "eslint.config.js": 1778268793.642454,
  "src/main.jsx": 1778269221.9260123,
  "src/App.jsx": 1778349648.394018,
  "src/context/TaskContext.jsx": 1778349431.0034873,
  "src/screens/Onboarding.jsx": 1778349639.6088169,
  "src/screens/Timeline.jsx": 1778350001.9706898,
  "src/screens/NewTask.jsx": 1778349820.7092383,
  "src/screens/Login.jsx": 1778349626.0245683,
  "src/screens/Settings.jsx": 1778349612.8971608,
  "src/screens/TaskDetail.jsx": 1778349921.3069816,
  "src/screens/Matrix.jsx": 1778349979.3655226,
  "src/components/Icons.jsx": 1778268915.3994489,
  "src/components/TaskPill.jsx": 1778268975.4897528,
  "src/components/PillSwitch.jsx": 1778349754.935615,
  "src/components/FAB.jsx": 1778349943.3398447,
  "src/components/Toggle.jsx": 1778349938.1207159,
  "src/components/Badge.jsx": 1778268952.9538734,
  "src/components/TopBar.jsx": 1778268933.2376232,
  "src/components/Wheel.jsx": 1778349744.2783985,
  "src/components/BottomNav.jsx": 1778268941.0771291,
  "src/components/Sheet.jsx": 1778349774.665122,
  "src/hooks/useFeedback.js": 1778349401.9344027,
  "src/lib/feedback.js": 1778349386.8373547,
  "src/lib/supabase.js": 1778275737.3840098,
  "src/lib/dates.js": 1778349411.3480213,
  "README.md": 1778268793.6421347,
  "CLAUDE.md": 1778346784.3786137,
  "graphify-out/GRAPH_REPORT.md": 1778361488.4529824,
  "public/icons.svg": 1778268793.6431112,
  "public/favicon.svg": 1778268793.6428761
}