{
  "vite.config.js": 1778268793.6444979,
  "eslint.config.js": 1778268793.642454,
  "src/main.jsx": 1778269221.9260123,
  "src/App.jsx": 1778275801.8543313,
  "src/context/TaskContext.jsx": 1778275773.38748,
  "src/screens/Onboarding.jsx": 1778269053.538713,
  "src/screens/Timeline.jsx": 1778269358.9271772,
  "src/screens/NewTask.jsx": 1778269138.9334457,
  "src/screens/Login.jsx": 1778275789.6263876,
  "src/screens/Settings.jsx": 1778275820.5710907,
  "src/screens/TaskDetail.jsx": 1778269179.8515952,
  "src/screens/Matrix.jsx": 1778269077.0706635,
  "src/components/Icons.jsx": 1778268915.3994489,
  "src/components/TaskPill.jsx": 1778268975.4897528,
  "src/components/PillSwitch.jsx": 1778268958.5171585,
  "src/components/StatusBar.jsx": 1778268926.1756902,
  "src/components/FAB.jsx": 1778268947.4613898,
  "src/components/Toggle.jsx": 1778268965.0859532,
  "src/components/Badge.jsx": 1778268952.9538734,
  "src/components/TopBar.jsx": 1778268933.2376232,
  "src/components/Wheel.jsx": 1778268984.9891324,
  "src/components/BottomNav.jsx": 1778268941.0771291,
  "src/lib/supabase.js": 1778275737.3840098,
  "README.md": 1778268793.6421347,
  "public/icons.svg": 1778268793.6431112,
  "public/favicon.svg": 1778268793.6428761
}